id,symbol,name,country,market,asset_type,currency,is_large_cap,created_at,updated_at
724f4140-efd8-576d-8596-02bd367d300e,005930.KS,삼성전자,KR,KOSPI,stock,KRW,true,2026-06-13T00:00:00+09:00,2026-06-13T00:00:00+09:00
4f75a8ab-1f7f-5d5f-a456-9d6d6b1685e5,000660.KS,SK하이닉스,KR,KOSPI,stock,KRW,true,2026-06-13T00:00:00+09:00,2026-06-13T00:00:00+09:00
7d083dcf-9a74-5611-a588-e5f087c72514,373220.KS,LG에너지솔루션,KR,KOSPI,stock,KRW,true,2026-06-13T00:00:00+09:00,2026-06-13T00:00:00+09:00
8e9637cb-00cb-5bf3-87b0-66e91e76cdcd,207940.KS,삼성바이오로직스,KR,KOSPI,stock,KRW,true,2026-06-13T00:00:00+09:00,2026-06-13T00:00:00+09:00
0390db2a-2190-5429-b663-7501c8313679,005380.KS,현대차,KR,KOSPI,stock,KRW,true,2026-06-13T00:00:00+09:00,2026-06-13T00:00:00+09:00
78682a2e-01f4-504e-8405-a266e33d9777,000270.KS,기아,KR,KOSPI,stock,KRW,true,2026-06-13T00:00:00+09:00,2026-06-13T00:00:00+09:00
c8f0a318-5f00-5cb0-ba4a-83df2a5a066d,005490.KS,POSCO홀딩스,KR,KOSPI,stock,KRW,true,2026-06-13T00:00:00+09:00,2026-06-13T00:00:00+09:00
4d1878d7-31ad-5ed7-8414-8add8635d5b3,035420.KS,NAVER,KR,KOSPI,stock,KRW,true,2026-06-13T00:00:00+09:00,2026-06-13T00:00:00+09:00
d89f9103-038a-5cbf-8130-91b5db398303,035720.KS,카카오,KR,KOSPI,stock,KRW,true,2026-06-13T00:00:00+09:00,2026-06-13T00:00:00+09:00
0514e77a-7e11-5c91-934a-b9e4ed7a6539,051910.KS,LG화학,KR,KOSPI,stock,KRW,true,2026-06-13T00:00:00+09:00,2026-06-13T00:00:00+09:00
1ee564ff-1a2a-5697-9d06-c68211eee882,006400.KS,삼성SDI,KR,KOSPI,stock,KRW,true,2026-06-13T00:00:00+09:00,2026-06-13T00:00:00+09:00
5a28dee6-c736-5a8c-a261-0bdc5a2fbd52,068270.KS,셀트리온,KR,KOSPI,stock,KRW,true,2026-06-13T00:00:00+09:00,2026-06-13T00:00:00+09:00
f474ad23-2805-5c52-ade5-7d86c9bdff65,012330.KS,현대모비스,KR,KOSPI,stock,KRW,true,2026-06-13T00:00:00+09:00,2026-06-13T00:00:00+09:00
52e21532-0c49-58fc-a57f-e83139b166a1,028260.KS,삼성물산,KR,KOSPI,stock,KRW,true,2026-06-13T00:00:00+09:00,2026-06-13T00:00:00+09:00
c40b0f4d-bd30-5cb2-a491-b3698667632c,055550.KS,신한지주,KR,KOSPI,stock,KRW,true,2026-06-13T00:00:00+09:00,2026-06-13T00:00:00+09:00
f9ecb43b-5ead-506e-931e-e8005f80513a,105560.KS,KB금융,KR,KOSPI,stock,KRW,true,2026-06-13T00:00:00+09:00,2026-06-13T00:00:00+09:00
92a6447b-b523-5987-bdb2-b0830bad70d1,086790.KS,하나금융지주,KR,KOSPI,stock,KRW,true,2026-06-13T00:00:00+09:00,2026-06-13T00:00:00+09:00
d4603c9e-0be4-5a89-84ca-6b64b85775bd,032830.KS,삼성생명,KR,KOSPI,stock,KRW,true,2026-06-13T00:00:00+09:00,2026-06-13T00:00:00+09:00
26e0223a-5d27-516c-a1a9-2a3ffeb1a37f,009150.KS,삼성전기,KR,KOSPI,stock,KRW,true,2026-06-13T00:00:00+09:00,2026-06-13T00:00:00+09:00
de907a75-072c-5a2a-a9b0-285009b2c311,034730.KS,SK,KR,KOSPI,stock,KRW,true,2026-06-13T00:00:00+09:00,2026-06-13T00:00:00+09:00
9f6505ba-a0ac-5a25-9db1-215135fa5ff2,015760.KS,한국전력,KR,KOSPI,stock,KRW,true,2026-06-13T00:00:00+09:00,2026-06-13T00:00:00+09:00
30c1f2ae-cfd8-5bf0-b08e-915bf13f2401,017670.KS,SK텔레콤,KR,KOSPI,stock,KRW,true,2026-06-13T00:00:00+09:00,2026-06-13T00:00:00+09:00
8f5cd2bc-30a4-58c3-98a2-88bbaccb64d7,030200.KS,KT,KR,KOSPI,stock,KRW,true,2026-06-13T00:00:00+09:00,2026-06-13T00:00:00+09:00
e990aff1-91ca-555d-bbe0-84166a8dcb41,096770.KS,SK이노베이션,KR,KOSPI,stock,KRW,true,2026-06-13T00:00:00+09:00,2026-06-13T00:00:00+09:00
cb839233-8eea-5003-8ca5-1355c8963deb,003670.KS,포스코퓨처엠,KR,KOSPI,stock,KRW,true,2026-06-13T00:00:00+09:00,2026-06-13T00:00:00+09:00
1163b538-1bac-52be-ad6b-c33dd90eb72f,066570.KS,LG전자,KR,KOSPI,stock,KRW,true,2026-06-13T00:00:00+09:00,2026-06-13T00:00:00+09:00
cd3e9b4d-7d72-54e7-beb6-fb34ebb9c2d1,003550.KS,LG,KR,KOSPI,stock,KRW,true,2026-06-13T00:00:00+09:00,2026-06-13T00:00:00+09:00
b5f567b6-037a-5f84-af7b-6f747b47c605,000810.KS,삼성화재,KR,KOSPI,stock,KRW,true,2026-06-13T00:00:00+09:00,2026-06-13T00:00:00+09:00
27ad6bc7-b639-5cd7-9a50-52ff330fd8c8,033780.KS,KT&G,KR,KOSPI,stock,KRW,true,2026-06-13T00:00:00+09:00,2026-06-13T00:00:00+09:00
b2d638b8-4aa1-54c3-bd97-54d1b50dc198,316140.KS,우리금융지주,KR,KOSPI,stock,KRW,true,2026-06-13T00:00:00+09:00,2026-06-13T00:00:00+09:00
408e49c1-65ca-5f66-9be5-d848abcaf7b0,010130.KS,고려아연,KR,KOSPI,stock,KRW,true,2026-06-13T00:00:00+09:00,2026-06-13T00:00:00+09:00
1b1fd826-8cd9-544e-9956-0df8deb7889f,018260.KS,삼성에스디에스,KR,KOSPI,stock,KRW,true,2026-06-13T00:00:00+09:00,2026-06-13T00:00:00+09:00
d2e65332-fb92-54d1-ae74-fa5f88d91a72,009540.KS,HD한국조선해양,KR,KOSPI,stock,KRW,true,2026-06-13T00:00:00+09:00,2026-06-13T00:00:00+09:00
13bb79ff-7120-5808-93c5-275ed73925ed,010140.KS,삼성중공업,KR,KOSPI,stock,KRW,true,2026-06-13T00:00:00+09:00,2026-06-13T00:00:00+09:00
06975884-e777-588a-878c-04a24517da8c,042660.KS,한화오션,KR,KOSPI,stock,KRW,true,2026-06-13T00:00:00+09:00,2026-06-13T00:00:00+09:00
0c237399-c8d8-5c58-b979-135d1a7bbcf5,329180.KS,HD현대중공업,KR,KOSPI,stock,KRW,true,2026-06-13T00:00:00+09:00,2026-06-13T00:00:00+09:00
a23143c7-4dd4-554f-80fa-e11a62f2d1dc,086280.KS,현대글로비스,KR,KOSPI,stock,KRW,true,2026-06-13T00:00:00+09:00,2026-06-13T00:00:00+09:00
7e68549a-6f95-5cab-9d5c-b4d8e939dffd,011200.KS,HMM,KR,KOSPI,stock,KRW,true,2026-06-13T00:00:00+09:00,2026-06-13T00:00:00+09:00
af78cad7-a768-5058-94f7-836013f6b3bd,352820.KS,하이브,KR,KOSPI,stock,KRW,true,2026-06-13T00:00:00+09:00,2026-06-13T00:00:00+09:00
80d54003-b6e2-535d-ae40-0bb373c435ec,090430.KS,아모레퍼시픽,KR,KOSPI,stock,KRW,true,2026-06-13T00:00:00+09:00,2026-06-13T00:00:00+09:00
5d470800-bf03-5bc7-ae08-9e5dbc7cd541,024110.KS,기업은행,KR,KOSPI,stock,KRW,true,2026-06-13T00:00:00+09:00,2026-06-13T00:00:00+09:00
490d2ffe-8be3-5f61-b2fa-6a3eedec7cf5,138040.KS,메리츠금융지주,KR,KOSPI,stock,KRW,true,2026-06-13T00:00:00+09:00,2026-06-13T00:00:00+09:00
b9efa410-4e0a-5097-ac65-a10473aa5cd5,000100.KS,유한양행,KR,KOSPI,stock,KRW,true,2026-06-13T00:00:00+09:00,2026-06-13T00:00:00+09:00
74dad000-06e4-578e-9967-fe0e4df1c689,302440.KS,SK바이오사이언스,KR,KOSPI,stock,KRW,true,2026-06-13T00:00:00+09:00,2026-06-13T00:00:00+09:00
1ca0d238-a6de-56ae-80ca-07ab148145fa,361610.KS,SK아이이테크놀로지,KR,KOSPI,stock,KRW,true,2026-06-13T00:00:00+09:00,2026-06-13T00:00:00+09:00
c544296e-dcb5-57cc-9f94-ea8656f747f0,259960.KS,크래프톤,KR,KOSPI,stock,KRW,true,2026-06-13T00:00:00+09:00,2026-06-13T00:00:00+09:00
9b279b0b-a23b-5d2d-ac2e-6ee78ddd0da0,251270.KS,넷마블,KR,KOSPI,stock,KRW,true,2026-06-13T00:00:00+09:00,2026-06-13T00:00:00+09:00
661bd2a6-6427-5659-b674-33d3ada93972,271560.KS,오리온,KR,KOSPI,stock,KRW,true,2026-06-13T00:00:00+09:00,2026-06-13T00:00:00+09:00
a9fa597e-344a-5cc8-86f3-a739117d77b1,097950.KS,CJ제일제당,KR,KOSPI,stock,KRW,true,2026-06-13T00:00:00+09:00,2026-06-13T00:00:00+09:00
04292146-459d-54d7-9cc8-8a947f131fbb,282330.KS,BGF리테일,KR,KOSPI,stock,KRW,true,2026-06-13T00:00:00+09:00,2026-06-13T00:00:00+09:00
0e4bd42f-c627-5a44-a1ce-daab96a2c4a9,139480.KS,이마트,KR,KOSPI,stock,KRW,true,2026-06-13T00:00:00+09:00,2026-06-13T00:00:00+09:00
5b03f1f1-fff2-58af-99dd-0974ce1c25ce,008770.KS,호텔신라,KR,KOSPI,stock,KRW,true,2026-06-13T00:00:00+09:00,2026-06-13T00:00:00+09:00
0dfdaac2-7150-57fa-83d9-eacdeea73153,004020.KS,현대제철,KR,KOSPI,stock,KRW,true,2026-06-13T00:00:00+09:00,2026-06-13T00:00:00+09:00
0d9de39d-eec6-5625-a6d9-c91ad3e305da,010950.KS,S-Oil,KR,KOSPI,stock,KRW,true,2026-06-13T00:00:00+09:00,2026-06-13T00:00:00+09:00
097fd5a0-0632-523f-bd0d-58e356102bce,047050.KS,포스코인터내셔널,KR,KOSPI,stock,KRW,true,2026-06-13T00:00:00+09:00,2026-06-13T00:00:00+09:00
2abaab74-5dd5-562a-8005-104251e1a904,011170.KS,롯데케미칼,KR,KOSPI,stock,KRW,true,2026-06-13T00:00:00+09:00,2026-06-13T00:00:00+09:00
ea5205db-413e-5341-b3f7-33a0f9f5e301,010620.KS,HD현대미포,KR,KOSPI,stock,KRW,true,2026-06-13T00:00:00+09:00,2026-06-13T00:00:00+09:00
43d02f65-726f-5fc3-97ac-3cad06e7f5ee,267250.KS,HD현대,KR,KOSPI,stock,KRW,true,2026-06-13T00:00:00+09:00,2026-06-13T00:00:00+09:00
f35fc385-519b-5190-a027-55fcfe2b1693,042700.KS,한미반도체,KR,KOSPI,stock,KRW,true,2026-06-13T00:00:00+09:00,2026-06-13T00:00:00+09:00
2fa113e4-a67f-5f1f-b25f-08a21980b4aa,000720.KS,현대건설,KR,KOSPI,stock,KRW,true,2026-06-13T00:00:00+09:00,2026-06-13T00:00:00+09:00
ae9c9f93-51a7-5ad8-b9cc-8fe3dedda83c,006360.KS,GS건설,KR,KOSPI,stock,KRW,true,2026-06-13T00:00:00+09:00,2026-06-13T00:00:00+09:00
52253eb6-8f6b-5628-a332-0f909ca42a55,012450.KS,한화에어로스페이스,KR,KOSPI,stock,KRW,true,2026-06-13T00:00:00+09:00,2026-06-13T00:00:00+09:00
fd692b8d-4730-5330-86d4-2fbfea2f638e,272210.KS,한화시스템,KR,KOSPI,stock,KRW,true,2026-06-13T00:00:00+09:00,2026-06-13T00:00:00+09:00
44078ed3-2e30-51b3-a08f-ab4cecdbb922,010060.KS,OCI홀딩스,KR,KOSPI,stock,KRW,true,2026-06-13T00:00:00+09:00,2026-06-13T00:00:00+09:00
5a6c11af-151c-5e71-b105-8237b41932c6,003490.KS,대한항공,KR,KOSPI,stock,KRW,true,2026-06-13T00:00:00+09:00,2026-06-13T00:00:00+09:00
292f0972-10bd-50be-bff0-aee19729536d,035250.KS,강원랜드,KR,KOSPI,stock,KRW,true,2026-06-13T00:00:00+09:00,2026-06-13T00:00:00+09:00
7dccc7f1-071e-55ac-8581-2ac676626275,004170.KS,신세계,KR,KOSPI,stock,KRW,true,2026-06-13T00:00:00+09:00,2026-06-13T00:00:00+09:00
da5b3a31-6bfc-5744-bc9d-a9e656f195d1,241560.KS,두산밥캣,KR,KOSPI,stock,KRW,true,2026-06-13T00:00:00+09:00,2026-06-13T00:00:00+09:00
a4db2cd6-8420-58b4-8c2f-2799b777adc4,034020.KS,두산에너빌리티,KR,KOSPI,stock,KRW,true,2026-06-13T00:00:00+09:00,2026-06-13T00:00:00+09:00
b2f57812-a9d9-55a8-897a-9597826d1d24,000150.KS,두산,KR,KOSPI,stock,KRW,true,2026-06-13T00:00:00+09:00,2026-06-13T00:00:00+09:00
25d8ea68-a825-5d32-b20a-8939e32c9db5,326030.KS,SK바이오팜,KR,KOSPI,stock,KRW,true,2026-06-13T00:00:00+09:00,2026-06-13T00:00:00+09:00
34637839-d543-593f-8c25-c9b8befa8b91,003230.KS,삼양식품,KR,KOSPI,stock,KRW,true,2026-06-13T00:00:00+09:00,2026-06-13T00:00:00+09:00
67f4b4cc-5271-5633-9c7d-b90b7bfc2724,161390.KS,한국타이어앤테크놀로지,KR,KOSPI,stock,KRW,true,2026-06-13T00:00:00+09:00,2026-06-13T00:00:00+09:00
93f0fad0-d7a5-59d8-9919-d8b68c29b508,011780.KS,금호석유,KR,KOSPI,stock,KRW,true,2026-06-13T00:00:00+09:00,2026-06-13T00:00:00+09:00
3a8a6f56-fe71-56a7-aacb-b793717b0b3c,000880.KS,한화,KR,KOSPI,stock,KRW,true,2026-06-13T00:00:00+09:00,2026-06-13T00:00:00+09:00
966fda2e-1192-5c34-ad38-cecca2b5c83b,088350.KS,한화생명,KR,KOSPI,stock,KRW,true,2026-06-13T00:00:00+09:00,2026-06-13T00:00:00+09:00
af3e29e7-d502-577f-b984-a011b3394d1e,004370.KS,농심,KR,KOSPI,stock,KRW,true,2026-06-13T00:00:00+09:00,2026-06-13T00:00:00+09:00
16b8329b-673c-5740-bed2-80e0d447d005,012750.KS,에스원,KR,KOSPI,stock,KRW,true,2026-06-13T00:00:00+09:00,2026-06-13T00:00:00+09:00
ac030ad5-826c-5a56-a025-cb2054d2ab6d,032640.KS,LG유플러스,KR,KOSPI,stock,KRW,true,2026-06-13T00:00:00+09:00,2026-06-13T00:00:00+09:00
21864796-1d6b-530b-91d8-cf96dcaf689d,018880.KS,한온시스템,KR,KOSPI,stock,KRW,true,2026-06-13T00:00:00+09:00,2026-06-13T00:00:00+09:00
eb99660a-2f02-51c0-b652-58adc2f42a38,047810.KS,한국항공우주,KR,KOSPI,stock,KRW,true,2026-06-13T00:00:00+09:00,2026-06-13T00:00:00+09:00
643be1e3-2000-5d8a-98fd-168345c608de,005830.KS,DB손해보험,KR,KOSPI,stock,KRW,true,2026-06-13T00:00:00+09:00,2026-06-13T00:00:00+09:00
d6896209-deb3-52fb-bda6-7ba341127361,071050.KS,한국금융지주,KR,KOSPI,stock,KRW,true,2026-06-13T00:00:00+09:00,2026-06-13T00:00:00+09:00
174b5227-27f6-535c-8db6-ccd5fb2fefa0,001450.KS,현대해상,KR,KOSPI,stock,KRW,true,2026-06-13T00:00:00+09:00,2026-06-13T00:00:00+09:00
92a2a644-dd05-5e87-905a-ad0e3790f097,001040.KS,CJ,KR,KOSPI,stock,KRW,true,2026-06-13T00:00:00+09:00,2026-06-13T00:00:00+09:00
5a4088d9-34b9-506a-ac99-a7aec55e7b55,008930.KS,한미사이언스,KR,KOSPI,stock,KRW,true,2026-06-13T00:00:00+09:00,2026-06-13T00:00:00+09:00
eff2b99a-d98a-5f92-9dd6-de1aebba1e8f,128940.KS,한미약품,KR,KOSPI,stock,KRW,true,2026-06-13T00:00:00+09:00,2026-06-13T00:00:00+09:00
f8261c27-ce17-5151-b284-cc09ef0127d8,069620.KS,대웅제약,KR,KOSPI,stock,KRW,true,2026-06-13T00:00:00+09:00,2026-06-13T00:00:00+09:00
7eaedd88-54cc-5942-a017-7e2e6c3109a6,006280.KS,녹십자,KR,KOSPI,stock,KRW,true,2026-06-13T00:00:00+09:00,2026-06-13T00:00:00+09:00
c02b5db7-0361-5783-98d3-36a40ae2c542,011070.KS,LG이노텍,KR,KOSPI,stock,KRW,true,2026-06-13T00:00:00+09:00,2026-06-13T00:00:00+09:00
176a972e-2ce2-59ac-8011-ddb60adf0a92,402340.KS,SK스퀘어,KR,KOSPI,stock,KRW,true,2026-06-13T00:00:00+09:00,2026-06-13T00:00:00+09:00
c1c65034-91b5-56fa-a2a5-cb659ccade1e,005940.KS,NH투자증권,KR,KOSPI,stock,KRW,true,2026-06-13T00:00:00+09:00,2026-06-13T00:00:00+09:00
b878f6fa-3af5-5df5-b7bf-9e94549037f2,006800.KS,미래에셋증권,KR,KOSPI,stock,KRW,true,2026-06-13T00:00:00+09:00,2026-06-13T00:00:00+09:00
1a6eb4d5-a82d-5fe2-83e1-7cee943ed6c5,030000.KS,제일기획,KR,KOSPI,stock,KRW,true,2026-06-13T00:00:00+09:00,2026-06-13T00:00:00+09:00
0f1e338d-1993-5a6f-be22-6e86387d1aa4,010120.KS,LS ELECTRIC,KR,KOSPI,stock,KRW,true,2026-06-13T00:00:00+09:00,2026-06-13T00:00:00+09:00
9a3cd9d9-5b55-5430-b1b7-d71631534e01,006260.KS,LS,KR,KOSPI,stock,KRW,true,2026-06-13T00:00:00+09:00,2026-06-13T00:00:00+09:00
a11fa620-53ad-536f-8893-cba830d13d8d,028300.KQ,HLB,KR,KOSDAQ,stock,KRW,false,2026-06-13T00:00:00+09:00,2026-06-13T00:00:00+09:00
456a86da-f782-5155-8691-b5d0b8951fe1,196170.KQ,알테오젠,KR,KOSDAQ,stock,KRW,false,2026-06-13T00:00:00+09:00,2026-06-13T00:00:00+09:00
617527a2-3e40-552a-bc46-cdeed4a63f70,145020.KQ,휴젤,KR,KOSDAQ,stock,KRW,false,2026-06-13T00:00:00+09:00,2026-06-13T00:00:00+09:00
bae02add-4c84-5d9a-981c-c19396806c85,214150.KQ,클래시스,KR,KOSDAQ,stock,KRW,false,2026-06-13T00:00:00+09:00,2026-06-13T00:00:00+09:00
784a3949-6d46-53eb-a50a-ff5598852b2d,069500.KS,KODEX 200,KR,KOSPI,etf,KRW,false,2026-06-13T00:00:00+09:00,2026-06-13T00:00:00+09:00
2f547aa9-25e2-586f-9c41-bb3f6830521d,102110.KS,TIGER 200,KR,KOSPI,etf,KRW,false,2026-06-13T00:00:00+09:00,2026-06-13T00:00:00+09:00
c37ea376-2dee-5ead-973c-261fb8d39161,105190.KS,ACE 200,KR,KOSPI,etf,KRW,false,2026-06-13T00:00:00+09:00,2026-06-13T00:00:00+09:00
0edd0e47-3a5e-51a7-ab96-61e802e6949c,148020.KS,RISE 200,KR,KOSPI,etf,KRW,false,2026-06-13T00:00:00+09:00,2026-06-13T00:00:00+09:00
c1a3a109-3d71-5a13-82f7-b9d332416a1c,152100.KS,ARIRANG 200,KR,KOSPI,etf,KRW,false,2026-06-13T00:00:00+09:00,2026-06-13T00:00:00+09:00
59dc80da-99ea-5f41-aeb1-5b723749bf84,278530.KS,KODEX 200TR,KR,KOSPI,etf,KRW,false,2026-06-13T00:00:00+09:00,2026-06-13T00:00:00+09:00
aa6182da-416c-5f39-a697-fa9fdeef7b19,310970.KS,TIGER MSCI Korea TR,KR,KOSPI,etf,KRW,false,2026-06-13T00:00:00+09:00,2026-06-13T00:00:00+09:00
7fc9eaa4-05bd-5ebf-b886-d291121fb1e6,229200.KS,KODEX 코스닥150,KR,KOSPI,etf,KRW,false,2026-06-13T00:00:00+09:00,2026-06-13T00:00:00+09:00
10f1eb2f-bd10-5ad3-b64b-dc9cd2cc5acd,232080.KS,TIGER 코스닥150,KR,KOSPI,etf,KRW,false,2026-06-13T00:00:00+09:00,2026-06-13T00:00:00+09:00
cce71b22-b705-5d1a-add4-d8202cf99655,233740.KS,KODEX 코스닥150레버리지,KR,KOSPI,etf,KRW,false,2026-06-13T00:00:00+09:00,2026-06-13T00:00:00+09:00
a4f89b19-5d21-5b57-872c-658a9eb4d85d,251340.KS,KODEX 코스닥150선물인버스,KR,KOSPI,etf,KRW,false,2026-06-13T00:00:00+09:00,2026-06-13T00:00:00+09:00
57ca41d7-19f2-5781-a492-3591664ea000,305720.KS,KODEX 2차전지산업,KR,KOSPI,etf,KRW,false,2026-06-13T00:00:00+09:00,2026-06-13T00:00:00+09:00
9613ef69-71ab-50e6-9500-80e8bf654f6d,305540.KS,TIGER 2차전지테마,KR,KOSPI,etf,KRW,false,2026-06-13T00:00:00+09:00,2026-06-13T00:00:00+09:00
4dcda13c-5cba-598a-aeb9-9ceaab61acee,364980.KS,TIGER KRX2차전지K-뉴딜,KR,KOSPI,etf,KRW,false,2026-06-13T00:00:00+09:00,2026-06-13T00:00:00+09:00
c313cb01-55d4-5a06-9b2d-4bd1ac0660ce,091160.KS,KODEX 반도체,KR,KOSPI,etf,KRW,false,2026-06-13T00:00:00+09:00,2026-06-13T00:00:00+09:00
a51c741f-a77d-5d06-870b-eece74e7a909,091230.KS,TIGER 반도체,KR,KOSPI,etf,KRW,false,2026-06-13T00:00:00+09:00,2026-06-13T00:00:00+09:00
b8154688-9655-5817-ab60-eb73b924a9ce,396500.KS,TIGER Fn반도체TOP10,KR,KOSPI,etf,KRW,false,2026-06-13T00:00:00+09:00,2026-06-13T00:00:00+09:00
7c742113-1523-5e2e-b9f0-5337cf1acc03,395160.KS,KODEX Fn시스템반도체,KR,KOSPI,etf,KRW,false,2026-06-13T00:00:00+09:00,2026-06-13T00:00:00+09:00
c66b26ee-9e91-5d15-947d-05deb7bf3790,091180.KS,KODEX 자동차,KR,KOSPI,etf,KRW,false,2026-06-13T00:00:00+09:00,2026-06-13T00:00:00+09:00
36d50f97-00d6-55dc-bde4-9461fe489cbe,117460.KS,KODEX 에너지화학,KR,KOSPI,etf,KRW,false,2026-06-13T00:00:00+09:00,2026-06-13T00:00:00+09:00
02ecfeec-4331-58b4-9895-04a27958811c,139250.KS,TIGER 200 에너지화학,KR,KOSPI,etf,KRW,false,2026-06-13T00:00:00+09:00,2026-06-13T00:00:00+09:00
00b2c15a-1623-5258-8241-ff66e43be149,139260.KS,TIGER 200 IT,KR,KOSPI,etf,KRW,false,2026-06-13T00:00:00+09:00,2026-06-13T00:00:00+09:00
f8dcaeb2-ea62-5720-8787-311a775c0fae,139270.KS,TIGER 200 금융,KR,KOSPI,etf,KRW,false,2026-06-13T00:00:00+09:00,2026-06-13T00:00:00+09:00
ecb18d51-6f78-59f4-90c7-1e5bade4cdb9,091170.KS,KODEX 은행,KR,KOSPI,etf,KRW,false,2026-06-13T00:00:00+09:00,2026-06-13T00:00:00+09:00
777310f6-d558-5dd8-8484-23a330ba7022,091220.KS,TIGER 은행,KR,KOSPI,etf,KRW,false,2026-06-13T00:00:00+09:00,2026-06-13T00:00:00+09:00
302d11dd-53a6-5e2c-b57e-c1a2d3ceb5b5,102970.KS,KODEX 증권,KR,KOSPI,etf,KRW,false,2026-06-13T00:00:00+09:00,2026-06-13T00:00:00+09:00
87e52c67-0be1-5942-8fb1-ad34f84cf2d4,102780.KS,KODEX 삼성그룹,KR,KOSPI,etf,KRW,false,2026-06-13T00:00:00+09:00,2026-06-13T00:00:00+09:00
21249d59-7fb8-506e-b678-dfb47c84c80b,140700.KS,KODEX 보험,KR,KOSPI,etf,KRW,false,2026-06-13T00:00:00+09:00,2026-06-13T00:00:00+09:00
87475c5e-698e-52bd-8983-3c8a32c0e9bb,117700.KS,KODEX 건설,KR,KOSPI,etf,KRW,false,2026-06-13T00:00:00+09:00,2026-06-13T00:00:00+09:00
ea66731d-83e0-5d06-bf86-94d51d81c523,140710.KS,KODEX 운송,KR,KOSPI,etf,KRW,false,2026-06-13T00:00:00+09:00,2026-06-13T00:00:00+09:00
ff45d8c3-faf2-5f89-ad09-31fad241ad55,227560.KS,TIGER 200 생활소비재,KR,KOSPI,etf,KRW,false,2026-06-13T00:00:00+09:00,2026-06-13T00:00:00+09:00
518134f5-5f01-5928-8968-4b0efc6247d8,139240.KS,TIGER 200 철강소재,KR,KOSPI,etf,KRW,false,2026-06-13T00:00:00+09:00,2026-06-13T00:00:00+09:00
9f99d8f9-e34d-58c2-8523-6334632eb129,307510.KS,TIGER 의료기기,KR,KOSPI,etf,KRW,false,2026-06-13T00:00:00+09:00,2026-06-13T00:00:00+09:00
741fda13-289e-51e0-ac6d-b65a448fb1e4,300610.KS,TIGER K게임,KR,KOSPI,etf,KRW,false,2026-06-13T00:00:00+09:00,2026-06-13T00:00:00+09:00
4dc88c04-53b2-5276-9d87-e950ec6c84eb,365000.KS,TIGER 인터넷TOP10,KR,KOSPI,etf,KRW,false,2026-06-13T00:00:00+09:00,2026-06-13T00:00:00+09:00
e8d47746-d2db-5d91-8c9b-cdbd8b849224,364990.KS,TIGER KRX BBIG K-뉴딜,KR,KOSPI,etf,KRW,false,2026-06-13T00:00:00+09:00,2026-06-13T00:00:00+09:00
e874920e-2a96-53ab-9c29-10a8ff4d0507,364960.KS,TIGER KRX 바이오 K-뉴딜,KR,KOSPI,etf,KRW,false,2026-06-13T00:00:00+09:00,2026-06-13T00:00:00+09:00
4d996ef4-32e8-5413-a968-a90bda451053,364970.KS,TIGER KRX 게임 K-뉴딜,KR,KOSPI,etf,KRW,false,2026-06-13T00:00:00+09:00,2026-06-13T00:00:00+09:00
e0e2fd7d-5cb1-5ef9-86e0-196d149f1fc8,395150.KS,KODEX Fn웹툰&드라마,KR,KOSPI,etf,KRW,false,2026-06-13T00:00:00+09:00,2026-06-13T00:00:00+09:00
4d31bc72-2433-5b2d-b7bb-87826d6b5416,401470.KS,KODEX K-메타버스액티브,KR,KOSPI,etf,KRW,false,2026-06-13T00:00:00+09:00,2026-06-13T00:00:00+09:00
333a4b8d-4cf5-5cda-a2e7-4bcdf60748b1,360750.KS,TIGER 미국S&P500,KR,KOSPI,etf,KRW,false,2026-06-13T00:00:00+09:00,2026-06-13T00:00:00+09:00
43b23a24-6e34-5907-92f1-55968ce6c23f,379800.KS,KODEX 미국S&P500TR,KR,KOSPI,etf,KRW,false,2026-06-13T00:00:00+09:00,2026-06-13T00:00:00+09:00
85ddc6fa-fad4-5072-a833-08fea580f494,360200.KS,ACE 미국S&P500,KR,KOSPI,etf,KRW,false,2026-06-13T00:00:00+09:00,2026-06-13T00:00:00+09:00
71897d04-4c26-5992-8283-1057bbc7d730,433330.KS,SOL 미국S&P500,KR,KOSPI,etf,KRW,false,2026-06-13T00:00:00+09:00,2026-06-13T00:00:00+09:00
a461a40f-cea9-5143-a044-caa845ac97ec,133690.KS,TIGER 미국나스닥100,KR,KOSPI,etf,KRW,false,2026-06-13T00:00:00+09:00,2026-06-13T00:00:00+09:00
f6883c01-016d-5258-afa6-9cd0fd721e7f,379810.KS,KODEX 미국나스닥100TR,KR,KOSPI,etf,KRW,false,2026-06-13T00:00:00+09:00,2026-06-13T00:00:00+09:00
c1167503-af6d-54f7-8da5-f99508254f53,367380.KS,ACE 미국나스닥100,KR,KOSPI,etf,KRW,false,2026-06-13T00:00:00+09:00,2026-06-13T00:00:00+09:00
1c76816e-ade1-5275-8a46-a085d87eef8d,245340.KS,TIGER 미국다우존스30,KR,KOSPI,etf,KRW,false,2026-06-13T00:00:00+09:00,2026-06-13T00:00:00+09:00
6294a88e-8e4f-5034-a31c-6d90f13ec73f,143850.KS,TIGER 미국S&P500선물(H),KR,KOSPI,etf,KRW,false,2026-06-13T00:00:00+09:00,2026-06-13T00:00:00+09:00
21aa0f3f-cbeb-570d-99cd-28651a815432,195930.KS,TIGER 유로스탁스50(합성 H),KR,KOSPI,etf,KRW,false,2026-06-13T00:00:00+09:00,2026-06-13T00:00:00+09:00
e06cf00e-9683-59c5-9a1c-ad11d062055d,195970.KS,ACE 선진국MSCI World,KR,KOSPI,etf,KRW,false,2026-06-13T00:00:00+09:00,2026-06-13T00:00:00+09:00
6550d4b2-a504-5afe-9ef5-475b4070af13,371460.KS,TIGER 차이나전기차SOLACTIVE,KR,KOSPI,etf,KRW,false,2026-06-13T00:00:00+09:00,2026-06-13T00:00:00+09:00
6e2ae824-ac07-5c70-820a-9f8dd7870a4b,371150.KS,TIGER 차이나항셍테크,KR,KOSPI,etf,KRW,false,2026-06-13T00:00:00+09:00,2026-06-13T00:00:00+09:00
e5bb58ee-8134-59c7-84d2-94c6920ac245,372330.KS,KODEX 차이나항셍테크,KR,KOSPI,etf,KRW,false,2026-06-13T00:00:00+09:00,2026-06-13T00:00:00+09:00
543a72f0-496a-5bff-adee-b2ae39f88620,168580.KS,ACE 중국본토CSI300,KR,KOSPI,etf,KRW,false,2026-06-13T00:00:00+09:00,2026-06-13T00:00:00+09:00
d862a68c-074b-5fea-ae0e-a0f9b98b9bcb,396520.KS,TIGER 차이나과창판STAR50(합성),KR,KOSPI,etf,KRW,false,2026-06-13T00:00:00+09:00,2026-06-13T00:00:00+09:00
2bba23aa-cf2c-5f6a-bf0f-a83e5509d83e,385590.KS,TIGER 미국필라델피아반도체나스닥,KR,KOSPI,etf,KRW,false,2026-06-13T00:00:00+09:00,2026-06-13T00:00:00+09:00
b57702c0-2b89-552f-81b2-576f8128feee,390390.KS,KODEX 미국반도체MV,KR,KOSPI,etf,KRW,false,2026-06-13T00:00:00+09:00,2026-06-13T00:00:00+09:00
70308484-7ba0-5300-9dee-0e6fbcbb63ab,381170.KS,TIGER 미국테크TOP10 INDXX,KR,KOSPI,etf,KRW,false,2026-06-13T00:00:00+09:00,2026-06-13T00:00:00+09:00
5e9eb552-9a78-5051-8d3d-b401d229d5d7,419420.KS,KODEX 미국클린에너지나스닥,KR,KOSPI,etf,KRW,false,2026-06-13T00:00:00+09:00,2026-06-13T00:00:00+09:00
e36ba5e8-a25a-5a61-b1a8-e85d53713f33,458730.KS,TIGER 미국배당다우존스,KR,KOSPI,etf,KRW,false,2026-06-13T00:00:00+09:00,2026-06-13T00:00:00+09:00
bcf8d9a7-b594-5234-a30a-55d8359ba4dd,446720.KS,SOL 미국배당다우존스,KR,KOSPI,etf,KRW,false,2026-06-13T00:00:00+09:00,2026-06-13T00:00:00+09:00
d4d3bd16-6d33-5d4f-b892-7702e1141456,402970.KS,ACE 미국배당다우존스,KR,KOSPI,etf,KRW,false,2026-06-13T00:00:00+09:00,2026-06-13T00:00:00+09:00
0d7a4a6e-97b3-59e6-ad1e-8392b665dacd,459580.KS,KODEX 미국배당다우존스,KR,KOSPI,etf,KRW,false,2026-06-13T00:00:00+09:00,2026-06-13T00:00:00+09:00
3b1b94a9-a94f-559f-916c-a628077f8299,329200.KS,TIGER 리츠부동산인프라,KR,KOSPI,etf,KRW,false,2026-06-13T00:00:00+09:00,2026-06-13T00:00:00+09:00
6702386d-f793-556c-9143-62390ed9f36f,310080.KS,TIGER 미국MSCI리츠(합성 H),KR,KOSPI,etf,KRW,false,2026-06-13T00:00:00+09:00,2026-06-13T00:00:00+09:00
36f20724-12f0-5bd5-9949-1fc9915a19d9,329750.KS,TIGER 미국달러단기채권액티브,KR,KOSPI,etf,KRW,false,2026-06-13T00:00:00+09:00,2026-06-13T00:00:00+09:00
0b89e3d3-da96-5732-bb15-7b6b96ffa910,153130.KS,KODEX 단기채권,KR,KOSPI,etf,KRW,false,2026-06-13T00:00:00+09:00,2026-06-13T00:00:00+09:00
ae7d56bc-d69b-5041-ab50-8bbe57bfcfe0,214980.KS,KODEX 단기채권PLUS,KR,KOSPI,etf,KRW,false,2026-06-13T00:00:00+09:00,2026-06-13T00:00:00+09:00
543fcdd1-96c0-5d9c-89c0-a61a412499e3,157450.KS,TIGER 단기통안채,KR,KOSPI,etf,KRW,false,2026-06-13T00:00:00+09:00,2026-06-13T00:00:00+09:00
153d0205-17a6-5cd6-98da-4dadefcd4886,272580.KS,TIGER 단기채권액티브,KR,KOSPI,etf,KRW,false,2026-06-13T00:00:00+09:00,2026-06-13T00:00:00+09:00
642eeb3e-2ea7-5564-9b46-f8df384e9664,273130.KS,KODEX 종합채권(AA-이상)액티브,KR,KOSPI,etf,KRW,false,2026-06-13T00:00:00+09:00,2026-06-13T00:00:00+09:00
9b674bb8-4660-57a6-9777-5b935b986c1e,114260.KS,KODEX 국고채3년,KR,KOSPI,etf,KRW,false,2026-06-13T00:00:00+09:00,2026-06-13T00:00:00+09:00
e95b2866-372f-56ee-9550-391ca67b50e1,148070.KS,KOSEF 국고채10년,KR,KOSPI,etf,KRW,false,2026-06-13T00:00:00+09:00,2026-06-13T00:00:00+09:00
3ac32daa-b0a2-54c0-88cf-ef6373d4507d,365780.KS,ACE 국고채10년,KR,KOSPI,etf,KRW,false,2026-06-13T00:00:00+09:00,2026-06-13T00:00:00+09:00
c330679d-1da9-56b6-af2f-be20c149d423,304660.KS,KODEX 미국채울트라30년선물(H),KR,KOSPI,etf,KRW,false,2026-06-13T00:00:00+09:00,2026-06-13T00:00:00+09:00
40fc4660-5467-57af-84d8-a677ef425868,305080.KS,TIGER 미국채10년선물,KR,KOSPI,etf,KRW,false,2026-06-13T00:00:00+09:00,2026-06-13T00:00:00+09:00
b28aa3b5-8b92-5c8d-93b2-ae6cb8b235df,308620.KS,KODEX 미국채10년선물,KR,KOSPI,etf,KRW,false,2026-06-13T00:00:00+09:00,2026-06-13T00:00:00+09:00
42b6e6a4-e459-5b3e-8a12-8f45050f5b85,261240.KS,KODEX 미국달러선물,KR,KOSPI,etf,KRW,false,2026-06-13T00:00:00+09:00,2026-06-13T00:00:00+09:00
ed08fc55-99c1-5c47-8d2e-b07e0732d6a5,261250.KS,KODEX 미국달러선물레버리지,KR,KOSPI,etf,KRW,false,2026-06-13T00:00:00+09:00,2026-06-13T00:00:00+09:00
11354011-bae1-5d8b-ae25-ed4d807b3350,261260.KS,KODEX 미국달러선물인버스2X,KR,KOSPI,etf,KRW,false,2026-06-13T00:00:00+09:00,2026-06-13T00:00:00+09:00
fcb36735-b4f7-57ee-8e21-3a9937010542,132030.KS,KODEX 골드선물(H),KR,KOSPI,etf,KRW,false,2026-06-13T00:00:00+09:00,2026-06-13T00:00:00+09:00
b5532523-2aeb-5d20-9d06-2d66635988c7,411060.KS,ACE KRX금현물,KR,KOSPI,etf,KRW,false,2026-06-13T00:00:00+09:00,2026-06-13T00:00:00+09:00
cd625014-866d-5218-b684-7fad912cf427,329650.KS,KODEX TRF3070,KR,KOSPI,etf,KRW,false,2026-06-13T00:00:00+09:00,2026-06-13T00:00:00+09:00
ee380583-57a1-5fa7-913d-2c5ccc35bc73,329670.KS,KODEX TRF7030,KR,KOSPI,etf,KRW,false,2026-06-13T00:00:00+09:00,2026-06-13T00:00:00+09:00
136a51ef-9385-5480-aed4-97ffd9b7b396,309230.KS,ACE 미국WideMoat동일가중,KR,KOSPI,etf,KRW,false,2026-06-13T00:00:00+09:00,2026-06-13T00:00:00+09:00
299a149b-0b38-55d0-b97c-7b78a1687ec6,189400.KS,ARIRANG 글로벌MSCI(합성 H),KR,KOSPI,etf,KRW,false,2026-06-13T00:00:00+09:00,2026-06-13T00:00:00+09:00
f107ea15-3982-52a3-a9bd-4ce964cadb13,227570.KS,TIGER 우량가치,KR,KOSPI,etf,KRW,false,2026-06-13T00:00:00+09:00,2026-06-13T00:00:00+09:00
3a7ebba5-2550-542d-b5f1-c2709d57639a,139280.KS,TIGER 경기방어,KR,KOSPI,etf,KRW,false,2026-06-13T00:00:00+09:00,2026-06-13T00:00:00+09:00
1716d360-0ca2-541d-9ec7-578aed81b35b,139290.KS,TIGER 200 경기소비재,KR,KOSPI,etf,KRW,false,2026-06-13T00:00:00+09:00,2026-06-13T00:00:00+09:00
b2ff3367-8e84-5164-b37c-061f87317d01,098560.KS,TIGER 방송통신,KR,KOSPI,etf,KRW,false,2026-06-13T00:00:00+09:00,2026-06-13T00:00:00+09:00
bbc6e760-09b4-5b82-ac0b-f1637a5844a4,107560.KS,TIGER 200 금융,KR,KOSPI,etf,KRW,false,2026-06-13T00:00:00+09:00,2026-06-13T00:00:00+09:00
e502bc4a-7398-59d4-b94a-a56efeb14b5a,174360.KS,RISE 중국본토대형주CSI100,KR,KOSPI,etf,KRW,false,2026-06-13T00:00:00+09:00,2026-06-13T00:00:00+09:00
a50ceee4-8af1-5ee7-9fb4-82a5655e46f2,385510.KS,KODEX K-신재생에너지액티브,KR,KOSPI,etf,KRW,false,2026-06-13T00:00:00+09:00,2026-06-13T00:00:00+09:00
d6a81ba2-dd06-55be-beeb-c25d9b22ba3c,433500.KS,ACE 원자력테마딥서치,KR,KOSPI,etf,KRW,false,2026-06-13T00:00:00+09:00,2026-06-13T00:00:00+09:00
b6b378f0-829d-571b-9033-cfdc812753db,122630.KS,KODEX 레버리지,KR,KOSPI,etf,KRW,false,2026-06-13T00:00:00+09:00,2026-06-13T00:00:00+09:00
b9a9361c-2e78-5503-85ed-72bd1a2e0390,114800.KS,KODEX 인버스,KR,KOSPI,etf,KRW,false,2026-06-13T00:00:00+09:00,2026-06-13T00:00:00+09:00
2e78c97e-704e-5a9a-9ea4-68bf060ee591,252670.KS,KODEX 200선물인버스2X,KR,KOSPI,etf,KRW,false,2026-06-13T00:00:00+09:00,2026-06-13T00:00:00+09:00
382cb0eb-16c7-5f5d-ae85-c0e09dba4ddf,123310.KS,TIGER 인버스,KR,KOSPI,etf,KRW,false,2026-06-13T00:00:00+09:00,2026-06-13T00:00:00+09:00
de802b0d-9763-5294-bb0a-041d80331ac4,252710.KS,TIGER 200선물인버스2X,KR,KOSPI,etf,KRW,false,2026-06-13T00:00:00+09:00,2026-06-13T00:00:00+09:00
d6979564-0524-51aa-bcf5-06cb5cc0f9aa,NVDA,NVIDIA,US,NASDAQ,stock,USD,true,2026-06-13T00:00:00+09:00,2026-06-13T00:00:00+09:00
bd01b82e-123d-55b5-afdc-05cc55e255b9,AAPL,Apple,US,NASDAQ,stock,USD,true,2026-06-13T00:00:00+09:00,2026-06-13T00:00:00+09:00
8f654223-64dd-54c6-bde0-a74c4477aa4d,MSFT,Microsoft,US,NASDAQ,stock,USD,true,2026-06-13T00:00:00+09:00,2026-06-13T00:00:00+09:00
5cf1973c-a165-58d0-9cce-d8962b06716d,GOOGL,Alphabet Class A,US,NASDAQ,stock,USD,true,2026-06-13T00:00:00+09:00,2026-06-13T00:00:00+09:00
dd42490d-3ad3-5cf0-8403-7b245a872e1b,GOOG,Alphabet Class C,US,NASDAQ,stock,USD,true,2026-06-13T00:00:00+09:00,2026-06-13T00:00:00+09:00
a20c8eb7-2b1c-571b-8895-26ba5afe60fb,AMZN,Amazon,US,NASDAQ,stock,USD,true,2026-06-13T00:00:00+09:00,2026-06-13T00:00:00+09:00
72d27d9a-dbd2-5c25-82be-3f67611474a6,META,Meta Platforms,US,NASDAQ,stock,USD,true,2026-06-13T00:00:00+09:00,2026-06-13T00:00:00+09:00
19568896-0317-5f18-abdd-7b88a3357853,AVGO,Broadcom,US,NASDAQ,stock,USD,true,2026-06-13T00:00:00+09:00,2026-06-13T00:00:00+09:00
0364ee48-b8f5-54a8-9982-fe7e151922b4,TSLA,Tesla,US,NASDAQ,stock,USD,true,2026-06-13T00:00:00+09:00,2026-06-13T00:00:00+09:00
19a13c74-c126-5ed7-af1f-312dbfb33091,BRK-B,Berkshire Hathaway Class B,US,NYSE,stock,USD,true,2026-06-13T00:00:00+09:00,2026-06-13T00:00:00+09:00
a43010cb-3448-5e01-b88b-b51d6a00d09f,LLY,Eli Lilly,US,NYSE,stock,USD,true,2026-06-13T00:00:00+09:00,2026-06-13T00:00:00+09:00
6c74b328-9905-5023-98aa-6cb113568941,JPM,JPMorgan Chase,US,NYSE,stock,USD,true,2026-06-13T00:00:00+09:00,2026-06-13T00:00:00+09:00
b5fe5a51-c652-5ef2-80f0-1c127ec928e0,V,Visa,US,NYSE,stock,USD,true,2026-06-13T00:00:00+09:00,2026-06-13T00:00:00+09:00
8e681b19-e6dc-5026-bb4b-ce5cbf69728f,MA,Mastercard,US,NYSE,stock,USD,true,2026-06-13T00:00:00+09:00,2026-06-13T00:00:00+09:00
53719b67-a86e-5abf-bdb5-5c96af7783a4,UNH,UnitedHealth Group,US,NYSE,stock,USD,true,2026-06-13T00:00:00+09:00,2026-06-13T00:00:00+09:00
a2b76ad3-f9d5-591f-9c75-8ff25216370e,XOM,Exxon Mobil,US,NYSE,stock,USD,true,2026-06-13T00:00:00+09:00,2026-06-13T00:00:00+09:00
0407893f-7f78-517d-9b75-ca3b3e5da05c,COST,Costco Wholesale,US,NASDAQ,stock,USD,true,2026-06-13T00:00:00+09:00,2026-06-13T00:00:00+09:00
7362ec2f-aba2-5d1f-98ee-d5b6e8080829,WMT,Walmart,US,NYSE,stock,USD,true,2026-06-13T00:00:00+09:00,2026-06-13T00:00:00+09:00
89ca85d8-64c5-51ae-835d-02fea00f280a,PG,Procter & Gamble,US,NYSE,stock,USD,true,2026-06-13T00:00:00+09:00,2026-06-13T00:00:00+09:00
e60d7461-b819-5cc2-94df-707f3b200968,JNJ,Johnson & Johnson,US,NYSE,stock,USD,true,2026-06-13T00:00:00+09:00,2026-06-13T00:00:00+09:00
bb3233d1-5000-5a18-bb67-ab940d71f68f,HD,Home Depot,US,NYSE,stock,USD,true,2026-06-13T00:00:00+09:00,2026-06-13T00:00:00+09:00
00440421-1744-5b81-b855-b51b781d26c5,ORCL,Oracle,US,NYSE,stock,USD,true,2026-06-13T00:00:00+09:00,2026-06-13T00:00:00+09:00
5e18e265-b378-5cd1-9024-0547f1595cba,NFLX,Netflix,US,NASDAQ,stock,USD,true,2026-06-13T00:00:00+09:00,2026-06-13T00:00:00+09:00
ed826171-eb9a-5254-abbe-d2f4badb8ab7,ABBV,AbbVie,US,NYSE,stock,USD,true,2026-06-13T00:00:00+09:00,2026-06-13T00:00:00+09:00
0350a9f4-472a-5da2-ab25-a55b6db43b04,BAC,Bank of America,US,NYSE,stock,USD,true,2026-06-13T00:00:00+09:00,2026-06-13T00:00:00+09:00
18e15b7c-437b-5ded-a9c1-f03ccab0d7fa,KO,Coca-Cola,US,NYSE,stock,USD,true,2026-06-13T00:00:00+09:00,2026-06-13T00:00:00+09:00
caccbf6e-b921-528a-93de-2169e3838ceb,CRM,Salesforce,US,NYSE,stock,USD,true,2026-06-13T00:00:00+09:00,2026-06-13T00:00:00+09:00
52ffe3ee-c002-5037-acb1-973c4771ca17,CVX,Chevron,US,NYSE,stock,USD,true,2026-06-13T00:00:00+09:00,2026-06-13T00:00:00+09:00
35dfad3f-0589-5cc4-9433-7b66341cd159,AMD,Advanced Micro Devices,US,NASDAQ,stock,USD,true,2026-06-13T00:00:00+09:00,2026-06-13T00:00:00+09:00
2617a55f-d80c-555e-9a5e-999c4698d769,PEP,PepsiCo,US,NASDAQ,stock,USD,true,2026-06-13T00:00:00+09:00,2026-06-13T00:00:00+09:00
7f9b8f52-918f-5fda-88df-91c354f2822e,MRK,Merck,US,NYSE,stock,USD,true,2026-06-13T00:00:00+09:00,2026-06-13T00:00:00+09:00
fda00914-6319-518b-b103-db38b50c2bb4,TMO,Thermo Fisher Scientific,US,NYSE,stock,USD,true,2026-06-13T00:00:00+09:00,2026-06-13T00:00:00+09:00
f16ac5ae-d562-5428-942a-6bc2da65b1f8,LIN,Linde,US,NASDAQ,stock,USD,true,2026-06-13T00:00:00+09:00,2026-06-13T00:00:00+09:00
2f120753-1307-5b93-b5be-dae60e7ab690,ADBE,Adobe,US,NASDAQ,stock,USD,true,2026-06-13T00:00:00+09:00,2026-06-13T00:00:00+09:00
255190f9-ebc4-55da-a582-bca2c236eb27,CSCO,Cisco Systems,US,NASDAQ,stock,USD,true,2026-06-13T00:00:00+09:00,2026-06-13T00:00:00+09:00
bb74db97-04a7-54bb-851e-ff8b119af0d2,MCD,McDonald's,US,NYSE,stock,USD,true,2026-06-13T00:00:00+09:00,2026-06-13T00:00:00+09:00
8bf69fec-b8ba-5798-8ea5-de43d5d9334e,ACN,Accenture,US,NYSE,stock,USD,true,2026-06-13T00:00:00+09:00,2026-06-13T00:00:00+09:00
a0ddc315-76c5-5a26-9976-943a32328274,IBM,IBM,US,NYSE,stock,USD,true,2026-06-13T00:00:00+09:00,2026-06-13T00:00:00+09:00
8e1ec508-7da6-5001-9863-556fd2e64dac,GE,GE Aerospace,US,NYSE,stock,USD,true,2026-06-13T00:00:00+09:00,2026-06-13T00:00:00+09:00
345cf89f-49e8-5ebb-b506-8130f1cc7b24,ABT,Abbott Laboratories,US,NYSE,stock,USD,true,2026-06-13T00:00:00+09:00,2026-06-13T00:00:00+09:00
14a9b8b2-4cd1-50ef-9cfb-b714a553cd00,QCOM,Qualcomm,US,NASDAQ,stock,USD,true,2026-06-13T00:00:00+09:00,2026-06-13T00:00:00+09:00
858f28cf-8c54-5af9-be1d-b934de711ca5,WFC,Wells Fargo,US,NYSE,stock,USD,true,2026-06-13T00:00:00+09:00,2026-06-13T00:00:00+09:00
9f88eb0d-7fa6-5050-9b20-ffcd39936a44,TXN,Texas Instruments,US,NASDAQ,stock,USD,true,2026-06-13T00:00:00+09:00,2026-06-13T00:00:00+09:00
0fae566b-0b9c-5018-b6c6-b5cbca0911f8,DHR,Danaher,US,NYSE,stock,USD,true,2026-06-13T00:00:00+09:00,2026-06-13T00:00:00+09:00
611f5b72-a3b9-59a3-8dc6-6726ae70ff37,INTU,Intuit,US,NASDAQ,stock,USD,true,2026-06-13T00:00:00+09:00,2026-06-13T00:00:00+09:00
46e1dd8d-72a0-5cdc-9d25-e5a705f761d2,CAT,Caterpillar,US,NYSE,stock,USD,true,2026-06-13T00:00:00+09:00,2026-06-13T00:00:00+09:00
8f29d351-220b-53bc-ace7-74493a586e6e,NOW,ServiceNow,US,NYSE,stock,USD,true,2026-06-13T00:00:00+09:00,2026-06-13T00:00:00+09:00
6573e7b2-a228-5b68-93b4-3cdd68222661,PM,Philip Morris International,US,NYSE,stock,USD,true,2026-06-13T00:00:00+09:00,2026-06-13T00:00:00+09:00
4984e649-9bda-5d2c-b512-4ba59b074de8,VZ,Verizon Communications,US,NYSE,stock,USD,true,2026-06-13T00:00:00+09:00,2026-06-13T00:00:00+09:00
27591427-5dce-576e-a2ad-515a3f2c9559,AMAT,Applied Materials,US,NASDAQ,stock,USD,true,2026-06-13T00:00:00+09:00,2026-06-13T00:00:00+09:00
d4f37d6a-3432-59ef-9ba8-563f2047d21f,PFE,Pfizer,US,NYSE,stock,USD,true,2026-06-13T00:00:00+09:00,2026-06-13T00:00:00+09:00
9b087dd5-7bef-5717-93c5-4653d0d68aae,CMCSA,Comcast,US,NASDAQ,stock,USD,true,2026-06-13T00:00:00+09:00,2026-06-13T00:00:00+09:00
a39f12d0-8fe2-51ff-9492-3b815a325d4f,DIS,Walt Disney,US,NYSE,stock,USD,true,2026-06-13T00:00:00+09:00,2026-06-13T00:00:00+09:00
38869f0c-2ff1-556c-a226-934fd52e7d27,RTX,RTX,US,NYSE,stock,USD,true,2026-06-13T00:00:00+09:00,2026-06-13T00:00:00+09:00
6d7ef021-8a5d-57bd-a7db-fe1872627f93,NEE,NextEra Energy,US,NYSE,stock,USD,true,2026-06-13T00:00:00+09:00,2026-06-13T00:00:00+09:00
e0f9651e-b226-5cde-9f8c-eaa24b3592f7,UBER,Uber Technologies,US,NYSE,stock,USD,true,2026-06-13T00:00:00+09:00,2026-06-13T00:00:00+09:00
a30d5c4a-f99c-5ba6-979c-d8f0ae1f5ed7,AXP,American Express,US,NYSE,stock,USD,true,2026-06-13T00:00:00+09:00,2026-06-13T00:00:00+09:00
6190d503-f6fd-57a9-a230-3985a7cc0880,SPGI,S&P Global,US,NYSE,stock,USD,true,2026-06-13T00:00:00+09:00,2026-06-13T00:00:00+09:00
563b6719-14bf-5f5b-93f9-e006e8336151,BKNG,Booking Holdings,US,NASDAQ,stock,USD,true,2026-06-13T00:00:00+09:00,2026-06-13T00:00:00+09:00
2fd0c99b-2bad-5c21-966c-6cfc95ab6aa2,GS,Goldman Sachs,US,NYSE,stock,USD,true,2026-06-13T00:00:00+09:00,2026-06-13T00:00:00+09:00
12f88b8f-70f3-5696-9540-d77bc3445db4,LOW,Lowe's,US,NYSE,stock,USD,true,2026-06-13T00:00:00+09:00,2026-06-13T00:00:00+09:00
1e330e28-9bcb-5d4d-93e1-f6d5936ae42a,ISRG,Intuitive Surgical,US,NASDAQ,stock,USD,true,2026-06-13T00:00:00+09:00,2026-06-13T00:00:00+09:00
a67cff41-af3f-5423-a5de-74d58b910569,UNP,Union Pacific,US,NYSE,stock,USD,true,2026-06-13T00:00:00+09:00,2026-06-13T00:00:00+09:00
157846a6-8572-5065-8b5b-66f4cae2c9d6,HON,Honeywell International,US,NASDAQ,stock,USD,true,2026-06-13T00:00:00+09:00,2026-06-13T00:00:00+09:00
a7ae5972-6b39-5cf7-9e72-f949231e4a09,PGR,Progressive,US,NYSE,stock,USD,true,2026-06-13T00:00:00+09:00,2026-06-13T00:00:00+09:00
6ff4ae72-7e3d-558b-9ba2-46d3ef3d11e2,T,AT&T,US,NYSE,stock,USD,true,2026-06-13T00:00:00+09:00,2026-06-13T00:00:00+09:00
2aea208b-fafc-52de-bea7-cf620529c7d0,PLTR,Palantir Technologies,US,NYSE,stock,USD,true,2026-06-13T00:00:00+09:00,2026-06-13T00:00:00+09:00
41a810fd-d715-5f1f-b6a7-7207b2f2a23f,BLK,BlackRock,US,NYSE,stock,USD,true,2026-06-13T00:00:00+09:00,2026-06-13T00:00:00+09:00
2a039b73-1b83-53a1-8a73-ebc2d6b8fead,LMT,Lockheed Martin,US,NYSE,stock,USD,true,2026-06-13T00:00:00+09:00,2026-06-13T00:00:00+09:00
08cfe5a9-86fc-5488-b06d-664622107743,COP,ConocoPhillips,US,NYSE,stock,USD,true,2026-06-13T00:00:00+09:00,2026-06-13T00:00:00+09:00
b906ea41-db98-5487-99a8-de86cb19f8f8,SYK,Stryker,US,NYSE,stock,USD,true,2026-06-13T00:00:00+09:00,2026-06-13T00:00:00+09:00
93e3ca5d-f58e-53e2-af96-0d80f9650df5,TJX,TJX Companies,US,NYSE,stock,USD,true,2026-06-13T00:00:00+09:00,2026-06-13T00:00:00+09:00
afc9cd54-d62f-5917-8494-e4574207447f,VRTX,Vertex Pharmaceuticals,US,NASDAQ,stock,USD,true,2026-06-13T00:00:00+09:00,2026-06-13T00:00:00+09:00
64cf80c2-8280-5d02-aad3-b8c4368413ea,REGN,Regeneron Pharmaceuticals,US,NASDAQ,stock,USD,true,2026-06-13T00:00:00+09:00,2026-06-13T00:00:00+09:00
97dabd03-fac4-5753-9e66-3644fa079adf,MDT,Medtronic,US,NYSE,stock,USD,true,2026-06-13T00:00:00+09:00,2026-06-13T00:00:00+09:00
555aa847-39dc-5048-9257-2ccf7ac4ccd6,PANW,Palo Alto Networks,US,NASDAQ,stock,USD,true,2026-06-13T00:00:00+09:00,2026-06-13T00:00:00+09:00
797c7b6e-a2d3-5692-bb21-3bdc0410a761,ETN,Eaton,US,NYSE,stock,USD,true,2026-06-13T00:00:00+09:00,2026-06-13T00:00:00+09:00
d1367999-8052-5c55-b97a-465430707e7b,CB,Chubb,US,NYSE,stock,USD,true,2026-06-13T00:00:00+09:00,2026-06-13T00:00:00+09:00
77fb9dcf-3d90-5f37-9cab-93ed63afe6ae,NKE,Nike,US,NYSE,stock,USD,true,2026-06-13T00:00:00+09:00,2026-06-13T00:00:00+09:00
94adeaab-182d-54af-a722-0b3704410edf,ADP,Automatic Data Processing,US,NASDAQ,stock,USD,true,2026-06-13T00:00:00+09:00,2026-06-13T00:00:00+09:00
b01fd4c6-b0f3-5c89-b651-6d7547417fe7,C,Citigroup,US,NYSE,stock,USD,true,2026-06-13T00:00:00+09:00,2026-06-13T00:00:00+09:00
74189181-622b-524a-9369-92944e3977e8,SCHW,Charles Schwab,US,NYSE,stock,USD,true,2026-06-13T00:00:00+09:00,2026-06-13T00:00:00+09:00
557e709f-230f-52ff-b80c-418d171078a6,MMC,Marsh & McLennan,US,NYSE,stock,USD,true,2026-06-13T00:00:00+09:00,2026-06-13T00:00:00+09:00
2e968678-725c-582d-b144-61693740ca3f,AMGN,Amgen,US,NASDAQ,stock,USD,true,2026-06-13T00:00:00+09:00,2026-06-13T00:00:00+09:00
ffc4d651-1dfa-5286-8221-0e933c1ecfc0,MU,Micron Technology,US,NASDAQ,stock,USD,true,2026-06-13T00:00:00+09:00,2026-06-13T00:00:00+09:00
ab7d4878-505d-5dfa-a136-08197564e577,DE,Deere & Company,US,NYSE,stock,USD,true,2026-06-13T00:00:00+09:00,2026-06-13T00:00:00+09:00
5774cbd2-7e94-5762-bc35-51f704251555,ADI,Analog Devices,US,NASDAQ,stock,USD,true,2026-06-13T00:00:00+09:00,2026-06-13T00:00:00+09:00
9ccb3e99-e6a3-58a0-a3ad-f9878b6d943d,UPS,United Parcel Service,US,NYSE,stock,USD,true,2026-06-13T00:00:00+09:00,2026-06-13T00:00:00+09:00
de9273fd-9021-593a-9f9f-5ac9bcc37fe7,GILD,Gilead Sciences,US,NASDAQ,stock,USD,true,2026-06-13T00:00:00+09:00,2026-06-13T00:00:00+09:00
32cded23-4179-59eb-ae02-d8f78decf709,BA,Boeing,US,NYSE,stock,USD,true,2026-06-13T00:00:00+09:00,2026-06-13T00:00:00+09:00
c378f366-f27c-5c28-898e-99984923c1bf,ELV,Elevance Health,US,NYSE,stock,USD,true,2026-06-13T00:00:00+09:00,2026-06-13T00:00:00+09:00
cea2f7f1-8004-5c55-84ce-0a9a09e1016d,SBUX,Starbucks,US,NASDAQ,stock,USD,true,2026-06-13T00:00:00+09:00,2026-06-13T00:00:00+09:00
e2198c55-be16-5d1f-8fbe-4869d8da05a8,SO,Southern Company,US,NYSE,stock,USD,true,2026-06-13T00:00:00+09:00,2026-06-13T00:00:00+09:00
23fe1f6c-e228-518a-9f2b-6db97725ee7f,CI,Cigna Group,US,NYSE,stock,USD,true,2026-06-13T00:00:00+09:00,2026-06-13T00:00:00+09:00
cb0a3095-3a32-5af5-8ef5-56a8a310516e,MDLZ,Mondelez International,US,NASDAQ,stock,USD,true,2026-06-13T00:00:00+09:00,2026-06-13T00:00:00+09:00
60aa5ff0-8a96-5bd5-b0e4-7e7bfdd43e79,LRCX,Lam Research,US,NASDAQ,stock,USD,true,2026-06-13T00:00:00+09:00,2026-06-13T00:00:00+09:00
db8a4791-8f8c-52e0-93ca-1953d1fe4d53,KLAC,KLA Corporation,US,NASDAQ,stock,USD,true,2026-06-13T00:00:00+09:00,2026-06-13T00:00:00+09:00
e07d3f8f-5a16-52c2-8aca-17efa128da49,ZTS,Zoetis,US,NYSE,stock,USD,true,2026-06-13T00:00:00+09:00,2026-06-13T00:00:00+09:00
de2d4fae-9538-5ce9-b8de-49ab0b4d33c4,MO,Altria Group,US,NYSE,stock,USD,true,2026-06-13T00:00:00+09:00,2026-06-13T00:00:00+09:00
22f3d079-54b8-53f9-a930-0c2bc4c10d61,EQIX,Equinix,US,NASDAQ,stock,USD,true,2026-06-13T00:00:00+09:00,2026-06-13T00:00:00+09:00
40ee7745-9c97-5555-881c-b757bd6d0298,VOO,Vanguard S&P 500 ETF,US,NYSEARCA,etf,USD,false,2026-06-13T00:00:00+09:00,2026-06-13T00:00:00+09:00
02f48a5d-8670-5bb5-bd52-e0635f2850c9,IVV,iShares Core S&P 500 ETF,US,NYSEARCA,etf,USD,false,2026-06-13T00:00:00+09:00,2026-06-13T00:00:00+09:00
5a91f550-84da-5548-91be-911d71fc1a80,SPY,SPDR S&P 500 ETF Trust,US,NYSEARCA,etf,USD,false,2026-06-13T00:00:00+09:00,2026-06-13T00:00:00+09:00
d722617a-04d2-5391-8c49-3d7c1bb02042,VTI,Vanguard Total Stock Market ETF,US,NYSEARCA,etf,USD,false,2026-06-13T00:00:00+09:00,2026-06-13T00:00:00+09:00
53c2e454-2c70-5589-aa26-0b39a44099db,QQQ,Invesco QQQ Trust,US,NASDAQ,etf,USD,false,2026-06-13T00:00:00+09:00,2026-06-13T00:00:00+09:00
9ccb321d-b33a-5a29-a038-5661a48d58c8,VEA,Vanguard FTSE Developed Markets ETF,US,NYSEARCA,etf,USD,false,2026-06-13T00:00:00+09:00,2026-06-13T00:00:00+09:00
0fa52c28-c83d-5426-8c93-ae6218aea8e3,IEFA,iShares Core MSCI EAFE ETF,US,NYSEARCA,etf,USD,false,2026-06-13T00:00:00+09:00,2026-06-13T00:00:00+09:00
3f8fa381-e898-51b2-a04b-3c613f602081,VUG,Vanguard Growth ETF,US,NYSEARCA,etf,USD,false,2026-06-13T00:00:00+09:00,2026-06-13T00:00:00+09:00
549da4e1-36f4-5e13-b7ae-7f77a09181b5,VTV,Vanguard Value ETF,US,NYSEARCA,etf,USD,false,2026-06-13T00:00:00+09:00,2026-06-13T00:00:00+09:00
fe0d3cb8-3b00-53c3-a8bf-d51b73f59461,AGG,iShares Core U.S. Aggregate Bond ETF,US,NYSEARCA,etf,USD,false,2026-06-13T00:00:00+09:00,2026-06-13T00:00:00+09:00
aff704bc-9db3-57c6-abf8-9dda4b783638,BND,Vanguard Total Bond Market ETF,US,NASDAQ,etf,USD,false,2026-06-13T00:00:00+09:00,2026-06-13T00:00:00+09:00
175b0f60-f26b-5649-a856-684a5b28571e,IEMG,iShares Core MSCI Emerging Markets ETF,US,NYSEARCA,etf,USD,false,2026-06-13T00:00:00+09:00,2026-06-13T00:00:00+09:00
a3d5cdfa-2a5e-5cfa-84b8-eb9eeebad083,VWO,Vanguard FTSE Emerging Markets ETF,US,NYSEARCA,etf,USD,false,2026-06-13T00:00:00+09:00,2026-06-13T00:00:00+09:00
0d966e1d-2519-5b82-b6e0-786e3fc0df62,IJH,iShares Core S&P Mid-Cap ETF,US,NYSEARCA,etf,USD,false,2026-06-13T00:00:00+09:00,2026-06-13T00:00:00+09:00
d71908d2-9404-5dbd-b2fd-75307bb107d3,IJR,iShares Core S&P Small-Cap ETF,US,NYSEARCA,etf,USD,false,2026-06-13T00:00:00+09:00,2026-06-13T00:00:00+09:00
30a3045e-ec6b-5531-acc0-c93d1bd466d9,VO,Vanguard Mid-Cap ETF,US,NYSEARCA,etf,USD,false,2026-06-13T00:00:00+09:00,2026-06-13T00:00:00+09:00
e92ed341-c6f2-5c4c-bf3d-176732bc260f,VB,Vanguard Small-Cap ETF,US,NYSEARCA,etf,USD,false,2026-06-13T00:00:00+09:00,2026-06-13T00:00:00+09:00
44a3e1b8-dde2-51be-b58b-94d56d222596,VIG,Vanguard Dividend Appreciation ETF,US,NYSEARCA,etf,USD,false,2026-06-13T00:00:00+09:00,2026-06-13T00:00:00+09:00
4c378fd9-35e3-50c8-ac8f-6969ca1aebf4,SCHD,Schwab U.S. Dividend Equity ETF,US,NYSEARCA,etf,USD,false,2026-06-13T00:00:00+09:00,2026-06-13T00:00:00+09:00
bf463f32-531f-5ddf-be31-b18c3857ec37,VGT,Vanguard Information Technology ETF,US,NYSEARCA,etf,USD,false,2026-06-13T00:00:00+09:00,2026-06-13T00:00:00+09:00
f2e79b5d-9221-5f71-848f-93ab4dab5ae1,XLK,Technology Select Sector SPDR Fund,US,NYSEARCA,etf,USD,false,2026-06-13T00:00:00+09:00,2026-06-13T00:00:00+09:00
902a2bf8-5b58-5a7d-9113-36f5f08ac943,XLF,Financial Select Sector SPDR Fund,US,NYSEARCA,etf,USD,false,2026-06-13T00:00:00+09:00,2026-06-13T00:00:00+09:00
f31e3544-3c4e-54cc-9946-90c2234394e4,XLV,Health Care Select Sector SPDR Fund,US,NYSEARCA,etf,USD,false,2026-06-13T00:00:00+09:00,2026-06-13T00:00:00+09:00
91525dda-1aa0-5a44-9812-b1973338ee75,XLE,Energy Select Sector SPDR Fund,US,NYSEARCA,etf,USD,false,2026-06-13T00:00:00+09:00,2026-06-13T00:00:00+09:00
1f2b2c38-519e-5d13-a997-36e006ec2d94,XLY,Consumer Discretionary Select Sector SPDR Fund,US,NYSEARCA,etf,USD,false,2026-06-13T00:00:00+09:00,2026-06-13T00:00:00+09:00
ea547df0-783c-5619-9e65-afc7751fe56b,XLP,Consumer Staples Select Sector SPDR Fund,US,NYSEARCA,etf,USD,false,2026-06-13T00:00:00+09:00,2026-06-13T00:00:00+09:00
6aba3387-53e3-556d-bfa1-39e3e4235b84,XLI,Industrial Select Sector SPDR Fund,US,NYSEARCA,etf,USD,false,2026-06-13T00:00:00+09:00,2026-06-13T00:00:00+09:00
bc5fff54-4228-5442-97e5-2226dbd5906e,XLU,Utilities Select Sector SPDR Fund,US,NYSEARCA,etf,USD,false,2026-06-13T00:00:00+09:00,2026-06-13T00:00:00+09:00
ecca42fd-634f-5c87-bb25-b32acf4692a3,XLB,Materials Select Sector SPDR Fund,US,NYSEARCA,etf,USD,false,2026-06-13T00:00:00+09:00,2026-06-13T00:00:00+09:00
aa2a7953-837a-5d77-b588-15370ed9e7da,XLRE,Real Estate Select Sector SPDR Fund,US,NYSEARCA,etf,USD,false,2026-06-13T00:00:00+09:00,2026-06-13T00:00:00+09:00
fb01a9f8-1fc0-5aea-afc7-cf18a3817629,DIA,SPDR Dow Jones Industrial Average ETF Trust,US,NYSEARCA,etf,USD,false,2026-06-13T00:00:00+09:00,2026-06-13T00:00:00+09:00
b31cee51-fdb3-5925-871b-ee6dc5298ff4,IWM,iShares Russell 2000 ETF,US,NYSEARCA,etf,USD,false,2026-06-13T00:00:00+09:00,2026-06-13T00:00:00+09:00
42183ed1-858b-51c2-9f93-f0a2102064c5,VT,Vanguard Total World Stock ETF,US,NYSEARCA,etf,USD,false,2026-06-13T00:00:00+09:00,2026-06-13T00:00:00+09:00
48956326-1b9c-530b-92e7-ec1e5b4ae12d,VXUS,Vanguard Total International Stock ETF,US,NASDAQ,etf,USD,false,2026-06-13T00:00:00+09:00,2026-06-13T00:00:00+09:00
7472d39a-c26e-5680-8451-523668f082f3,BNDX,Vanguard Total International Bond ETF,US,NASDAQ,etf,USD,false,2026-06-13T00:00:00+09:00,2026-06-13T00:00:00+09:00
78ff73ba-2174-5e60-8b56-0f822211cc4a,TLT,iShares 20+ Year Treasury Bond ETF,US,NASDAQ,etf,USD,false,2026-06-13T00:00:00+09:00,2026-06-13T00:00:00+09:00
a3080329-71d7-51e6-8af3-9a6f67b9e09f,IEF,iShares 7-10 Year Treasury Bond ETF,US,NASDAQ,etf,USD,false,2026-06-13T00:00:00+09:00,2026-06-13T00:00:00+09:00
80046315-ed72-5e76-af11-dd814df392dd,SHY,iShares 1-3 Year Treasury Bond ETF,US,NASDAQ,etf,USD,false,2026-06-13T00:00:00+09:00,2026-06-13T00:00:00+09:00
bc61c9d5-4518-5431-8287-ff8a55d05316,TIP,iShares TIPS Bond ETF,US,NYSEARCA,etf,USD,false,2026-06-13T00:00:00+09:00,2026-06-13T00:00:00+09:00
8098511f-c781-51fd-be79-dd2a7ffdb0a1,LQD,iShares iBoxx $ Investment Grade Corporate Bond ETF,US,NYSEARCA,etf,USD,false,2026-06-13T00:00:00+09:00,2026-06-13T00:00:00+09:00
daae01fb-cb59-546c-a38b-502fd6a3c432,HYG,iShares iBoxx $ High Yield Corporate Bond ETF,US,NYSEARCA,etf,USD,false,2026-06-13T00:00:00+09:00,2026-06-13T00:00:00+09:00
275b9456-aa00-56a9-94fd-45834082aaee,MUB,iShares National Muni Bond ETF,US,NYSEARCA,etf,USD,false,2026-06-13T00:00:00+09:00,2026-06-13T00:00:00+09:00
44fb0884-1ef2-5ed7-ae16-a14b299df69e,VGIT,Vanguard Intermediate-Term Treasury ETF,US,NASDAQ,etf,USD,false,2026-06-13T00:00:00+09:00,2026-06-13T00:00:00+09:00
d03dfe9d-e35b-5e99-b423-60efd24665c9,VGSH,Vanguard Short-Term Treasury ETF,US,NASDAQ,etf,USD,false,2026-06-13T00:00:00+09:00,2026-06-13T00:00:00+09:00
91de7d12-86dc-574c-9aed-57e242e92c5a,VCLT,Vanguard Long-Term Corporate Bond ETF,US,NASDAQ,etf,USD,false,2026-06-13T00:00:00+09:00,2026-06-13T00:00:00+09:00
5f5dc91e-675d-5b8c-a89b-c1c26af22ec3,GLD,SPDR Gold Shares,US,NYSEARCA,etf,USD,false,2026-06-13T00:00:00+09:00,2026-06-13T00:00:00+09:00
a15e8138-424c-5c8f-a25b-79d03806e53e,IAU,iShares Gold Trust,US,NYSEARCA,etf,USD,false,2026-06-13T00:00:00+09:00,2026-06-13T00:00:00+09:00
3618bf11-1aa9-5133-bc64-43d0b2d5b597,SLV,iShares Silver Trust,US,NYSEARCA,etf,USD,false,2026-06-13T00:00:00+09:00,2026-06-13T00:00:00+09:00
46489dc2-fdcb-5d57-bbdb-ce83ec8ab85f,DBC,Invesco DB Commodity Index Tracking Fund,US,NYSEARCA,etf,USD,false,2026-06-13T00:00:00+09:00,2026-06-13T00:00:00+09:00
eaa70ed6-424c-56e8-b973-1fdb790c88bc,USO,United States Oil Fund,US,NYSEARCA,etf,USD,false,2026-06-13T00:00:00+09:00,2026-06-13T00:00:00+09:00
a49ab297-85d6-59e5-8ef1-bfc6c9318f75,VNQ,Vanguard Real Estate ETF,US,NYSEARCA,etf,USD,false,2026-06-13T00:00:00+09:00,2026-06-13T00:00:00+09:00
74562f17-caaa-522f-add8-9d63192bfc9c,IYR,iShares U.S. Real Estate ETF,US,NYSEARCA,etf,USD,false,2026-06-13T00:00:00+09:00,2026-06-13T00:00:00+09:00
d18f9fe0-f28c-5ef3-9cc7-08e0378308f5,SCHX,Schwab U.S. Large-Cap ETF,US,NYSEARCA,etf,USD,false,2026-06-13T00:00:00+09:00,2026-06-13T00:00:00+09:00
c9776d94-6527-5278-9a29-d0ac7a0af141,SCHA,Schwab U.S. Small-Cap ETF,US,NYSEARCA,etf,USD,false,2026-06-13T00:00:00+09:00,2026-06-13T00:00:00+09:00
4b0205a1-a423-5427-bd22-7495333b550d,SCHF,Schwab International Equity ETF,US,NYSEARCA,etf,USD,false,2026-06-13T00:00:00+09:00,2026-06-13T00:00:00+09:00
c72e1203-670b-5ce3-bad1-07e59ed9f2e0,SPLG,SPDR Portfolio S&P 500 ETF,US,NYSEARCA,etf,USD,false,2026-06-13T00:00:00+09:00,2026-06-13T00:00:00+09:00
90104b14-8618-5026-9d2f-6bcb89d56b72,SPYG,SPDR Portfolio S&P 500 Growth ETF,US,NYSEARCA,etf,USD,false,2026-06-13T00:00:00+09:00,2026-06-13T00:00:00+09:00
041ab021-46b3-5075-aa27-6565dbd52b26,SPYV,SPDR Portfolio S&P 500 Value ETF,US,NYSEARCA,etf,USD,false,2026-06-13T00:00:00+09:00,2026-06-13T00:00:00+09:00
b05aeeff-ea70-5b56-9411-bcf171d93cfd,MGK,Vanguard Mega Cap Growth ETF,US,NYSEARCA,etf,USD,false,2026-06-13T00:00:00+09:00,2026-06-13T00:00:00+09:00
ab9ff17c-5f40-5ade-b5b1-e809e785d382,MGC,Vanguard Mega Cap ETF,US,NYSEARCA,etf,USD,false,2026-06-13T00:00:00+09:00,2026-06-13T00:00:00+09:00
62107df6-24ba-58a0-bbd8-2ae65925813d,FTEC,Fidelity MSCI Information Technology Index ETF,US,NYSEARCA,etf,USD,false,2026-06-13T00:00:00+09:00,2026-06-13T00:00:00+09:00
01a6b4e6-5baf-58db-bd7f-c449f8a9eee7,FDN,First Trust Dow Jones Internet Index Fund,US,NYSEARCA,etf,USD,false,2026-06-13T00:00:00+09:00,2026-06-13T00:00:00+09:00
2fdb1ad3-8c97-5e13-a496-7bd3d3fc2067,ARKK,ARK Innovation ETF,US,NYSEARCA,etf,USD,false,2026-06-13T00:00:00+09:00,2026-06-13T00:00:00+09:00
a62ab27c-9548-5b96-ac01-33313fbfb766,SMH,VanEck Semiconductor ETF,US,NASDAQ,etf,USD,false,2026-06-13T00:00:00+09:00,2026-06-13T00:00:00+09:00
2c704686-e907-535a-a827-737904c52276,SOXX,iShares Semiconductor ETF,US,NASDAQ,etf,USD,false,2026-06-13T00:00:00+09:00,2026-06-13T00:00:00+09:00
bde88e27-12ae-52d9-99ed-e2a5bc7dee2b,IBB,iShares Biotechnology ETF,US,NASDAQ,etf,USD,false,2026-06-13T00:00:00+09:00,2026-06-13T00:00:00+09:00
89fe2a3c-ad0c-569f-97d9-69f88a3d9cba,XBI,SPDR S&P Biotech ETF,US,NYSEARCA,etf,USD,false,2026-06-13T00:00:00+09:00,2026-06-13T00:00:00+09:00
8fb1acbd-67e3-5ec3-90d7-2d366ec4d351,IYW,iShares U.S. Technology ETF,US,NYSEARCA,etf,USD,false,2026-06-13T00:00:00+09:00,2026-06-13T00:00:00+09:00
91e72d4b-f65f-5d93-a5ef-1528bb3388d0,IHF,iShares U.S. Healthcare Providers ETF,US,NYSEARCA,etf,USD,false,2026-06-13T00:00:00+09:00,2026-06-13T00:00:00+09:00
46170ab3-9e18-5293-985e-1e0130381428,IHI,iShares U.S. Medical Devices ETF,US,NYSEARCA,etf,USD,false,2026-06-13T00:00:00+09:00,2026-06-13T00:00:00+09:00
97c5dfd8-1027-516e-bcb1-2b3a32230ac1,KRE,SPDR S&P Regional Banking ETF,US,NYSEARCA,etf,USD,false,2026-06-13T00:00:00+09:00,2026-06-13T00:00:00+09:00
6862bf52-04af-56ed-9a58-7430485ccd21,KBE,SPDR S&P Bank ETF,US,NYSEARCA,etf,USD,false,2026-06-13T00:00:00+09:00,2026-06-13T00:00:00+09:00
f5e63a40-3c67-52a4-ad0e-77b755224f94,IYT,iShares U.S. Transportation ETF,US,NYSEARCA,etf,USD,false,2026-06-13T00:00:00+09:00,2026-06-13T00:00:00+09:00
6dbf322c-e678-52af-a441-2d0c5f3c9a28,XRT,SPDR S&P Retail ETF,US,NYSEARCA,etf,USD,false,2026-06-13T00:00:00+09:00,2026-06-13T00:00:00+09:00
7a586e41-1a51-5eef-8e39-634d6ffab318,JETS,U.S. Global Jets ETF,US,NYSEARCA,etf,USD,false,2026-06-13T00:00:00+09:00,2026-06-13T00:00:00+09:00
053035c6-24ef-50a5-b406-e116dc50542f,TAN,Invesco Solar ETF,US,NYSEARCA,etf,USD,false,2026-06-13T00:00:00+09:00,2026-06-13T00:00:00+09:00
158ca643-0459-5149-aff3-4fd571bcff71,ICLN,iShares Global Clean Energy ETF,US,NASDAQ,etf,USD,false,2026-06-13T00:00:00+09:00,2026-06-13T00:00:00+09:00
74aa22ba-fe28-52bb-81f8-640844445a1e,PBW,Invesco WilderHill Clean Energy ETF,US,NYSEARCA,etf,USD,false,2026-06-13T00:00:00+09:00,2026-06-13T00:00:00+09:00
0fdf864b-a89c-5ff0-a892-5a7412ac586d,PAVE,Global X U.S. Infrastructure Development ETF,US,BATS,etf,USD,false,2026-06-13T00:00:00+09:00,2026-06-13T00:00:00+09:00
e5c13377-828d-5260-997b-18c587ee1074,BOTZ,Global X Robotics & Artificial Intelligence ETF,US,NASDAQ,etf,USD,false,2026-06-13T00:00:00+09:00,2026-06-13T00:00:00+09:00
9e501a16-8ab0-57c7-9eec-764bf04b2293,ROBO,ROBO Global Robotics and Automation Index ETF,US,NYSEARCA,etf,USD,false,2026-06-13T00:00:00+09:00,2026-06-13T00:00:00+09:00
c41b8dd8-5ae5-5497-8212-594045eea7a9,CIBR,First Trust Nasdaq Cybersecurity ETF,US,NASDAQ,etf,USD,false,2026-06-13T00:00:00+09:00,2026-06-13T00:00:00+09:00
fa8e83bb-4162-565e-b345-db5620033604,HACK,Amplify Cybersecurity ETF,US,NYSEARCA,etf,USD,false,2026-06-13T00:00:00+09:00,2026-06-13T00:00:00+09:00
4ab71ee3-4cdd-5f50-bad0-45edf6d68241,VYM,Vanguard High Dividend Yield ETF,US,NYSEARCA,etf,USD,false,2026-06-13T00:00:00+09:00,2026-06-13T00:00:00+09:00
c017f345-43ae-583e-859f-98cc351869e0,HDV,iShares Core High Dividend ETF,US,NYSEARCA,etf,USD,false,2026-06-13T00:00:00+09:00,2026-06-13T00:00:00+09:00
6c8c6d19-16d8-5217-8e56-a33b1f02eb94,DVY,iShares Select Dividend ETF,US,NASDAQ,etf,USD,false,2026-06-13T00:00:00+09:00,2026-06-13T00:00:00+09:00
a6d81267-e626-575f-8582-6b8053c2340b,NOBL,ProShares S&P 500 Dividend Aristocrats ETF,US,BATS,etf,USD,false,2026-06-13T00:00:00+09:00,2026-06-13T00:00:00+09:00
5c93df8c-c9e5-58f1-b060-ffff62657c5a,JEPI,JPMorgan Equity Premium Income ETF,US,NYSEARCA,etf,USD,false,2026-06-13T00:00:00+09:00,2026-06-13T00:00:00+09:00
be0e4120-8f94-5c68-b1f5-c80f43101235,JEPQ,JPMorgan Nasdaq Equity Premium Income ETF,US,NASDAQ,etf,USD,false,2026-06-13T00:00:00+09:00,2026-06-13T00:00:00+09:00
8f9c4384-253b-5896-9ecb-55cdccb81fba,SCHG,Schwab U.S. Large-Cap Growth ETF,US,NYSEARCA,etf,USD,false,2026-06-13T00:00:00+09:00,2026-06-13T00:00:00+09:00
3af86ceb-61ec-5f10-8e3d-15a8b8f6f74e,SCHV,Schwab U.S. Large-Cap Value ETF,US,NYSEARCA,etf,USD,false,2026-06-13T00:00:00+09:00,2026-06-13T00:00:00+09:00
d2d05958-5ee0-5f60-8bcb-2b31d0b8fc06,QUAL,iShares MSCI USA Quality Factor ETF,US,BATS,etf,USD,false,2026-06-13T00:00:00+09:00,2026-06-13T00:00:00+09:00
34b44d3a-2b7b-5927-9ca0-36b895fe5d33,MTUM,iShares MSCI USA Momentum Factor ETF,US,BATS,etf,USD,false,2026-06-13T00:00:00+09:00,2026-06-13T00:00:00+09:00
4aece4ac-4aea-5b38-8670-11cce96fb778,USMV,iShares MSCI USA Min Vol Factor ETF,US,BATS,etf,USD,false,2026-06-13T00:00:00+09:00,2026-06-13T00:00:00+09:00
b4e62ab5-1ec7-5fa6-8986-16a90c98778c,ACWI,iShares MSCI ACWI ETF,US,NASDAQ,etf,USD,false,2026-06-13T00:00:00+09:00,2026-06-13T00:00:00+09:00
f086f914-df57-5b62-b252-34dddeb9a0ff,ITOT,iShares Core S&P Total U.S. Stock Market ETF,US,NYSEARCA,etf,USD,false,2026-06-13T00:00:00+09:00,2026-06-13T00:00:00+09:00
b8de0172-082a-5fd6-91de-a5ab79349311,DGRO,iShares Core Dividend Growth ETF,US,NYSEARCA,etf,USD,false,2026-06-13T00:00:00+09:00,2026-06-13T00:00:00+09:00
79450b7f-2271-5c90-b624-8d33c5636527,SPAB,SPDR Portfolio Aggregate Bond ETF,US,NYSEARCA,etf,USD,false,2026-06-13T00:00:00+09:00,2026-06-13T00:00:00+09:00
bb88164b-8be4-5b63-b111-0289acac48d2,SPDW,SPDR Portfolio Developed World ex-US ETF,US,NYSEARCA,etf,USD,false,2026-06-13T00:00:00+09:00,2026-06-13T00:00:00+09:00
e4533880-7265-5ddf-a7d7-2115502938f6,SPEM,SPDR Portfolio Emerging Markets ETF,US,NYSEARCA,etf,USD,false,2026-06-13T00:00:00+09:00,2026-06-13T00:00:00+09:00
